<manifest alg="2" build="2018.0.0.379" opt="false" iceEnabled="true" iceMarkupVersion="2" iceEnabledOptions="link,responsive,cachebuster,textStyling" exportTarget="other" domain="telecommerce.kgk" resolutions="1x" timestamp="1570566508635">
  <folder name="css">
    <file name="site_global.css" crc="4160814837"/>
    <file name="about.css" crc="3988600284" ref="about"/>
    <file name="index.css" crc="4076802697" ref="index"/>
    <file name="store.css" crc="4101236979" ref="store"/>
    <file name="contact.css" crc="381391649" ref="contact"/>
  </folder>
  <folder name="scripts">
    <file name="jquery-1.8.3.min.js" crc="209076791" ref="store:index:contact:about"/>
    <file name="museutils.js" crc="3803043152" ref="store:index:contact:about"/>
    <file name="whatinput.js" crc="86476730" ref="store:index:contact:about"/>
    <file name="museconfig.js" crc="380897831" ref="store:index:contact:about"/>
    <file name="jquery.musemenu.js" crc="3784699396" ref="store:index"/>
    <file name="jquery.watch.js" crc="99325471" ref="store:contact:about"/>
    <file name="webpro.js" crc="242022427" ref="store:contact"/>
    <file name="musewpslideshow.js" crc="457073769" ref="store"/>
    <file name="jquery.museoverlay.js" crc="483674903" ref="store"/>
    <file name="touchswipe.js" crc="4066113679" ref="store"/>
    <file name="html5shiv.js" crc="4241844378" ref="store:index:contact:about"/>
    <file name="require.js" crc="4157109226" ref="store:index:contact:about"/>
    <file name="jquery.musepolyfill.bgsize.js" crc="4148998990" ref="contact"/>
    <file name="form_check.php" crc="147359589" ref="contact"/>
    <file name="form_throttle.php" crc="93986428" ref="contact"/>
    <file name="form_process.php" crc="3851993751" ref="contact"/>
    <file name="form-u3730.php" crc="242138328" ref="contact"/>
  </folder>
  <folder name="images">
    <file name="logo.gif" crc="3928328192" seo="true" ref="store">
      <caption webpage="store" alt=""/>
    </file>
    <file name="u2592-4.png" crc="438886817" ref="store"/>
    <file name="twitter.png" crc="221555456" seo="true" ref="store">
      <caption webpage="store" alt=""/>
    </file>
    <file name="fb2.png" crc="4288878394" seo="true" ref="store">
      <caption webpage="store" alt=""/>
    </file>
    <file name="yt.png" crc="4121711202" seo="true" ref="store">
      <caption webpage="store" alt=""/>
    </file>
    <file name="cart4.png" crc="217039601" seo="true" ref="store">
      <caption webpage="store" alt=""/>
      <caption webpage="store" alt=""/>
    </file>
    <file name="1.jpg" crc="152477618" seo="true" ref="store">
      <caption webpage="store" alt=""/>
    </file>
    <file name="blank.gif" crc="4208392903" ref="store"/>
    <file name="2.jpg" crc="370822953" seo="true" ref="store">
      <caption webpage="store" alt=""/>
    </file>
    <file name="3.jpg" crc="457031275" seo="true" ref="store">
      <caption webpage="store" alt=""/>
    </file>
    <file name="4.jpg" crc="134853185" seo="true" ref="store">
      <caption webpage="store" alt=""/>
    </file>
    <file name="news.jpg" crc="525520177" seo="true" ref="store">
      <caption webpage="store" alt=""/>
    </file>
    <file name="loading.gif" crc="3815509949" ref="store"/>
    <file name="placeholdersmall.jpg" crc="4287453388" seo="true" ref="store">
      <caption webpage="store" alt=""/>
      <caption webpage="store" alt=""/>
      <caption webpage="store" alt=""/>
      <caption webpage="store" alt=""/>
    </file>
    <file name="pasted image 760x760.jpg" crc="3819013320" seo="true" ref="store">
      <caption webpage="store" alt=""/>
    </file>
    <file name="pasted image 760x7602.jpg" crc="4063325294" seo="true" ref="store">
      <caption webpage="store" alt=""/>
    </file>
    <file name="pasted image 760x7603.jpg" crc="50466980" seo="true" ref="store">
      <caption webpage="store" alt=""/>
    </file>
    <file name="pasted image 760x7604.jpg" crc="4231865801" seo="true" ref="store">
      <caption webpage="store" alt=""/>
    </file>
    <file name="pasted image 379x278.jpg" crc="4109938941" seo="true" ref="store">
      <caption webpage="store" alt=""/>
    </file>
    <file name="pasted image 373x406.jpg" crc="369696137" seo="true" ref="store">
      <caption webpage="store" alt=""/>
    </file>
    <file name="pasted image 385x342.jpg" crc="4182431213" seo="true" ref="store">
      <caption webpage="store" alt=""/>
    </file>
    <file name="pasted image 349x395.jpg" crc="155343766" seo="true" ref="store">
      <caption webpage="store" alt=""/>
    </file>
    <file name="pasted image 360x395.jpg" crc="3958595520" seo="true" ref="store">
      <caption webpage="store" alt=""/>
    </file>
    <file name="pasted image 339x393.jpg" crc="4284634769" seo="true" ref="store">
      <caption webpage="store" alt=""/>
    </file>
    <file name="pasted image 349x396.jpg" crc="377466892" seo="true" ref="store">
      <caption webpage="store" alt=""/>
    </file>
    <file name="pasted image 359x378.jpg" crc="398230554" seo="true" ref="store">
      <caption webpage="store" alt=""/>
    </file>
    <file name="logo2.gif" crc="3928328192" seo="true" ref="index">
      <caption webpage="index" alt=""/>
    </file>
    <file name="u3558-4.png" crc="395647854" ref="index"/>
    <file name="radiobuttonunchecked.png" crc="3976871150" ref="contact">
      <caption webpage="contact" alt=""/>
    </file>
    <file name="radiobuttonuncheckedrollover.png" crc="4276313674" ref="contact">
      <caption webpage="contact" alt=""/>
    </file>
    <file name="radiobuttonuncheckedmousedown.png" crc="54863585" ref="contact">
      <caption webpage="contact" alt=""/>
    </file>
    <file name="radiobuttonchecked.png" crc="4193302265" ref="contact">
      <caption webpage="contact" alt=""/>
    </file>
    <file name="radiobuttoncheckedrollover.png" crc="88928956" ref="contact">
      <caption webpage="contact" alt=""/>
    </file>
    <file name="radiobuttoncheckedmousedown.png" crc="4280357799" ref="contact">
      <caption webpage="contact" alt=""/>
    </file>
  </folder>
  <file name="store.html" crc="15256885" seo="true" mt="1570566211707" redirect="true"/>
  <file name="index.html" crc="62391082" seo="true" mt="1570566424813" redirect="true"/>
  <file name="contact.html" crc="4047886735" seo="true" mt="1570566095222" redirect="true"/>
  <file name="about.html" crc="4047824867" seo="true" mt="1570561502452" redirect="false"/>
</manifest>